Top pages,Clicks,Impressions,CTR,Position
https://divorce-coaching.com/faqs/,23,749,3.07%,11.36
https://divorce-coaching.com/becoming-a-certified-divorce-coach/,6,2883,0.21%,53.25
https://divorce-coaching.com/about-the-course/,2,421,0.48%,65.24
https://divorce-coaching.com/divorce-coach-training/,1,193,0.52%,34.88
https://divorce-coaching.com/recommended-coaching-programmes/,1,86,1.16%,8.6
https://divorce-coaching.com/practitioner-training-programmes/,1,47,2.13%,55.3
https://divorce-coaching.com/divorce-rates-in-the-uk/,0,2647,0%,81.06
https://divorce-coaching.com/,0,944,0%,71.93
https://divorce-coaching.com/divorce-rates-in-the-united-states/,0,890,0%,85.79
https://divorce-coaching.com/international-programme/,0,417,0%,70.48
https://divorce-coaching.com/divorce-guide-for-men-in-the-uk/,0,376,0%,85.75
https://divorce-coaching.com/breakup-support-groups/,0,278,0%,66.1
https://divorce-coaching.com/the-divorce-coach/,0,235,0%,77.72
https://divorce-coaching.com/coaching/,0,149,0%,26.71
https://divorce-coaching.com/uk-divorce-statistics-and-rates/,0,81,0%,56.64
https://divorce-coaching.com/advanced-training-programmes/,0,62,0%,19.98
https://divorce-coaching.com/divorce/,0,57,0%,50.91
https://divorce-coaching.com/how-to-become-a-certified-divorce-coach-in-the-uk/,0,38,0%,63.32
https://divorce-coaching.com/book-a-free-call/,0,28,0%,15.79
https://divorce-coaching.com/start-fresh-this-new-year-divorce-and-breakup-coach-training/,0,21,0%,34.67
https://divorce-coaching.com/what-is-a-decree-absolute-in-the-uk/,0,9,0%,61.33
https://divorce-coaching.com/privacy-policy/,0,6,0%,6
https://divorce-coaching.com/jobs-and-new-career-trends-in-2025/,0,5,0%,7.8
https://divorce-coaching.com/support-for-businesses/,0,5,0%,41
https://divorce-coaching.com/divorce-break-up-and-domestic-abuse-coaches-for-businesses/,0,3,0%,11.33
https://divorce-coaching.com/latest-news/,0,2,0%,5
https://divorce-coaching.com/filing-for-a-divorce/,0,2,0%,50
https://divorce-coaching.com/how-to-create-a-second-income-and-extra-revenue-stream/,0,2,0%,80
https://divorce-coaching.com/get-accredited-as-a-divorce-coach-by-xmas/,0,1,0%,20
https://divorce-coaching.com/are-couples-putting-divorce-on-hold-due-to-the-cost-of-living-crisis/,0,1,0%,24